,정류소명,경도,위도,ADDRESS,CODE,정류소
10095,잠실역.잠실대교.남단,127.0984499,37.51553932,서울특별시 송파구 신천동,1171010200,잠실역.잠실대교.남단-1
10096,잠실역.잠실대교.남단,127.0995557,37.51366813,서울특별시 송파구 잠실동,1171010100,잠실역.잠실대교.남단-2
10097,석촌호수.한솔병원,127.1057662,37.506765,서울특별시 송파구 석촌동,1171010500,석촌호수.한솔병원-1
10098,석촌호수.한솔병원,127.105198,37.5070736,서울특별시 송파구 석촌동,1171010500,석촌호수.한솔병원-2
10099,석촌역,127.1088655,37.50336388,서울특별시 송파구 석촌동,1171010500,석촌역-1
10100,석촌역,127.1083293,37.50359405,서울특별시 송파구 석촌동,1171010500,석촌역-2
10101,송파역,127.1118578,37.50021978,서울특별시 송파구 가락동,1171010700,송파역-1
10102,송파역,127.1111665,37.50056042,서울특별시 송파구 석촌동,1171010500,송파역-2
10103,가락시장.가락시장역,127.1171666,37.49438544,서울특별시 송파구 가락동,1171010700,가락시장.가락시장역-1
10104,가락시장.가락시장역,127.1164858,37.49473513,서울특별시 송파구 가락동,1171010700,가락시장.가락시장역-2
10105,문정로데오거리입구,127.1213046,37.48834723,서울특별시 송파구 문정동,1171010800,문정로데오거리입구-1
10106,문정로데오거리입구,127.120915,37.488671,서울특별시 송파구 문정동,1171010800,문정로데오거리입구-2
10107,문정법조단지.건영아파트,127.1247015,37.48162043,서울특별시 송파구 문정동,1171010800,문정법조단지.건영아파트-1
10108,문정법조단지.건영아파트,127.1237338,37.48298885,서울특별시 송파구 문정동,1171010800,문정법조단지.건영아파트-2
10109,장지역.가든파이브,127.1260836,37.47903007,서울특별시 송파구 장지동,1171010900,장지역.가든파이브-1
10110,장지역.가든파이브,127.125577,37.479461,서울특별시 송파구 장지동,1171010900,장지역.가든파이브-2
10111,잠실역.롯데월드몰,127.1007214,37.51252076,서울특별시 송파구 신천동,1171010200,잠실역.롯데월드몰-1
10112,잠실광역환승센터,127.099776,37.513367,서울특별시 송파구 잠실동,1171010100,잠실광역환승센터-1
10113,천호역.풍납시장,127.122768,37.53714677,서울특별시 송파구 풍납동,1171010300,천호역.풍납시장-1
10114,풍납1치안센터입구,127.1217129,37.53429301,서울특별시 송파구 풍납동,1171010300,풍납1치안센터입구-1
10115,파크데일아파트2단지앞,127.158121,37.49806077,서울특별시 송파구 마천동,1171011400,파크데일아파트2단지앞-1
10116,파크데일아파트1단지앞,127.1580942,37.49817568,서울특별시 송파구 마천동,1171011400,파크데일아파트1단지앞-1
10117,풍납1동동아한가람아파트,127.1144865,37.53708991,서울특별시 송파구 풍납동,1171010300,풍납1동동아한가람아파트-1
10118,풍납동신성노바빌,127.115813,37.53819387,서울특별시 송파구 풍납동,1171010300,풍납동신성노바빌-1
10119,풍납동씨티극동아파트,127.1169687,37.53915494,서울특별시 송파구 풍납동,1171010300,풍납동씨티극동아파트-1
10120,풍납토성,127.1218418,37.5390616,서울특별시 송파구 풍납동,1171010300,풍납토성-1
10121,영파여고.강동구청역,127.1207273,37.5312819,서울특별시 송파구 풍납동,1171010300,영파여고.강동구청역-1
10122,풍납동극동.쌍용아파트,127.1180027,37.52657179,서울특별시 송파구 풍납동,1171010300,풍납동극동.쌍용아파트-1
10123,풍납중학교,127.1149385,37.52470562,서울특별시 송파구 풍납동,1171010300,풍납중학교-1
10124,풍성중학교.잠실올림픽아이파크,127.1128006,37.524787,서울특별시 송파구 풍납동,1171010300,풍성중학교.잠실올림픽아이파크-1
10125,서울아산병원앞,127.1098599,37.52480415,서울특별시 송파구 풍납동,1171010300,서울아산병원앞-1
10126,아산병원동관,127.1072398,37.52685158,서울특별시 송파구 풍납동,1171010300,아산병원동관-1
10127,서울아산병원동관,127.1075122,37.52707132,서울특별시 송파구 풍납동,1171010300,서울아산병원동관-1
10128,한강극동아파트,127.1106204,37.53122961,서울특별시 송파구 풍납동,1171010300,한강극동아파트-1
10129,송파두산위브.송파소방서,127.1416746,37.50011928,서울특별시 송파구 오금동,1171011200,송파두산위브.송파소방서-1
10130,송파두산위브.송파소방서,127.1417633,37.50006724,서울특별시 송파구 오금동,1171011200,송파두산위브.송파소방서-2
10131,토성초등학교,127.1124598,37.53087594,서울특별시 송파구 풍납동,1171010300,토성초등학교-1
10132,풍납동영어체험마을,127.1124595,37.53087573,서울특별시 송파구 풍납동,1171010300,풍납동영어체험마을-1
10133,올림픽대교남단,127.1154048,37.52670867,서울특별시 송파구 풍납동,1171010300,올림픽대교남단-1
10134,마천역.송파파크센트럴,127.151399,37.49429805,서울특별시 송파구 마천동,1171011400,마천역.송파파크센트럴-1
10135,잠실파크리오아파트상가.올림픽회관,127.1147058,37.52100148,서울특별시 송파구 신천동,1171010200,잠실파크리오아파트상가.올림픽회관-1
10136,잠실파크리오아파트앞,127.1099014,37.51955541,서울특별시 송파구 신천동,1171010200,잠실파크리오아파트앞-1
10137,잠실나루역,127.1058793,37.51893207,서울특별시 송파구 신천동,1171010200,잠실나루역-1
10138,잠실진주아파트,127.1091715,37.51934976,서울특별시 송파구 신천동,1171010200,잠실진주아파트-1
10139,몽촌토성역,127.1130835,37.51837604,서울특별시 송파구 신천동,1171010200,몽촌토성역-1
10140,신천동진주아파트,127.1095399,37.51651906,서울특별시 송파구 신천동,1171010200,신천동진주아파트-1
10141,잠실나루역,127.1043228,37.51844121,서울특별시 송파구 신천동,1171010200,잠실나루역-2
10142,잠실중학교.장미종합상가,127.1008911,37.51723465,서울특별시 송파구 신천동,1171010200,잠실중학교.장미종합상가-1
10143,잠실중학교,127.1000981,37.51678898,서울특별시 송파구 신천동,1171010200,잠실중학교-1
10144,잠실역8번출구,127.1015209,37.51379767,서울특별시 송파구 신천동,1171010200,잠실역8번출구-1
10145,잠실역,127.0992097,37.51449911,서울특별시 송파구 신천동,1171010200,잠실역-1
10146,잠실역1번.11번출구,127.1031312,37.51418511,서울특별시 송파구 신천동,1171010200,잠실역1번.11번출구-1
10147,잠실역9번출구,127.104153,37.51467939,서울특별시 송파구 신천동,1171010200,잠실역9번출구-1
10148,송파구청.방이맛골,127.106958,37.514126,서울특별시 송파구 신천동,1171010200,송파구청.방이맛골-1
10149,잠실역,127.0989697,37.51446994,서울특별시 송파구 잠실동,1171010100,잠실역-2
10150,잠실역.롯데월드,127.097975,37.51283939,서울특별시 송파구 잠실동,1171010100,잠실역.롯데월드-1
10151,잠실5단지,127.0939211,37.51216975,서울특별시 송파구 잠실동,1171010100,잠실5단지-1
10152,잠실리센츠아파트앞,127.0913222,37.51192448,서울특별시 송파구 잠실동,1171010100,잠실리센츠아파트앞-1
10153,잠실새내역.잠실2동주민센터,127.0872743,37.51170372,서울특별시 송파구 잠실동,1171010100,잠실새내역.잠실2동주민센터-1
10154,잠실엘스아파트앞,127.0833909,37.5118776,서울특별시 송파구 잠실동,1171010100,잠실엘스아파트앞-1
10155,종합운동장사거리,127.0796923,37.51202716,서울특별시 송파구 잠실동,1171010100,종합운동장사거리-1
10156,잠실종합운동장,127.0721337,37.51082611,서울특별시 송파구 잠실동,1171010100,잠실종합운동장-1
10157,잠실트리지움아파트앞,127.0911771,37.51167916,서울특별시 송파구 잠실동,1171010100,잠실트리지움아파트앞-1
10158,잠실역.롯데월드,127.0980896,37.5126356,서울특별시 송파구 잠실동,1171010100,잠실역.롯데월드-2
10159,갤러리아팰리스,127.0929009,37.51131305,서울특별시 송파구 잠실동,1171010100,갤러리아팰리스-1
10160,잠실트리지움,127.0927996,37.51101129,서울특별시 송파구 잠실동,1171010100,잠실트리지움-1
10161,영동일고레이크팰리스앞,127.0920117,37.50888041,서울특별시 송파구 잠실동,1171010100,영동일고레이크팰리스앞-1
10162,영동일고트리지움APT정문앞,127.091922,37.50904311,서울특별시 송파구 잠실동,1171010100,영동일고트리지움APT정문앞-1
10163,잠실트리지움,127.0902522,37.50763529,서울특별시 송파구 잠실동,1171010100,잠실트리지움-2
10164,잠실119안전센터,127.094753,37.50702202,서울특별시 송파구 잠실동,1171010100,잠실119안전센터-1
10165,잠실종합운동장,127.0727676,37.51065188,서울특별시 송파구 잠실동,1171010100,잠실종합운동장-2
10166,아시아선수촌아파트,127.078637,37.510251,서울특별시 송파구 잠실동,1171010100,아시아선수촌아파트-1
10167,아주중학교,127.0770059,37.50498632,서울특별시 송파구 잠실동,1171010100,아주중학교-1
10168,종합운동장사거리,127.079557,37.511814,서울특별시 송파구 잠실동,1171010100,종합운동장사거리-2
10169,잠실새내역4번출구,127.0845114,37.51163236,서울특별시 송파구 잠실동,1171010100,잠실새내역4번출구-1
10170,영빌딩앞,127.0896757,37.50648916,서울특별시 송파구 잠실동,1171010100,영빌딩앞-1
10171,잠실우성4차현대아파트,127.0852016,37.50524883,서울특별시 송파구 잠실동,1171010100,잠실우성4차현대아파트-1
10172,잠실우성4차현대아파트,127.0855654,37.50501218,서울특별시 송파구 잠실동,1171010100,잠실우성4차현대아파트-2
10173,잠실근린공원.성현교회,127.0814862,37.50629442,서울특별시 송파구 잠실동,1171010100,잠실근린공원.성현교회-1
10174,아시아선수촌아파트삼거리.성현교회,127.0801297,37.50654164,서울특별시 송파구 잠실동,1171010100,아시아선수촌아파트삼거리.성현교회-1
10175,아시아선수촌아파트,127.0789061,37.5098354,서울특별시 송파구 잠실동,1171010100,아시아선수촌아파트-2
10176,아주중학교,127.077646,37.50528844,서울특별시 송파구 잠실동,1171010100,아주중학교-2
10177,삼전역,127.0890116,37.50404633,서울특별시 송파구 삼전동,1171010600,삼전역-1
10178,삼전역,127.0897976,37.50397074,서울특별시 송파구 삼전동,1171010600,삼전역-2
10179,송파구민회관구의회,127.0947557,37.50269895,서울특별시 송파구 삼전동,1171010600,송파구민회관구의회-1
10180,송파구민회관구의회,127.094634,37.50259923,서울특별시 송파구 삼전동,1171010600,송파구민회관구의회-2
10181,삼학사길사거리,127.0970404,37.50464026,서울특별시 송파구 삼전동,1171010600,삼학사길사거리-1
10182,잠실119안전센터,127.0929822,37.5071611,서울특별시 송파구 삼전동,1171010600,잠실119안전센터-2
10183,삼전삼밭나루공원입구,127.0896248,37.50617586,서울특별시 송파구 삼전동,1171010600,삼전삼밭나루공원입구-1
10184,삼전역.잠실현대아파트,127.087289,37.50344371,서울특별시 송파구 삼전동,1171010600,삼전역.잠실현대아파트-1
10185,삼전동현대APT,127.0876472,37.50025171,서울특별시 송파구 삼전동,1171010600,삼전동현대APT-1
10186,삼전동쌍용하이츠빌라,127.0908287,37.49918526,서울특별시 송파구 삼전동,1171010600,삼전동쌍용하이츠빌라-1
10187,삼전사회복지관,127.0943922,37.49799097,서울특별시 송파구 삼전동,1171010600,삼전사회복지관-1
10188,배명중고교,127.096716,37.50015325,서울특별시 송파구 삼전동,1171010600,배명중고교-1
10189,석촌고분역.올림픽병원,127.0984058,37.50258721,서울특별시 송파구 석촌동,1171010500,석촌고분역.올림픽병원-1
10190,석촌고분역.올림픽병원,127.0985286,37.50247725,서울특별시 송파구 석촌동,1171010500,석촌고분역.올림픽병원-2
10191,석촌동한솔아파트앞,127.1052982,37.50448852,서울특별시 송파구 석촌동,1171010500,석촌동한솔아파트앞-1
10192,석촌동한솔아파트,127.1055523,37.50441588,서울특별시 송파구 석촌동,1171010500,석촌동한솔아파트-1
10193,삼학사길사거리,127.0971397,37.50433213,서울특별시 송파구 석촌동,1171010500,삼학사길사거리-2
10194,배명중고교,127.0968097,37.49971327,서울특별시 송파구 석촌동,1171010500,배명중고교-2
10195,석촌동남현교회앞,127.1006851,37.4990395,서울특별시 송파구 석촌동,1171010500,석촌동남현교회앞-1
10196,석촌동남현교회앞,127.1004835,37.49891708,서울특별시 송파구 석촌동,1171010500,석촌동남현교회앞-2
10197,송파책박물관.헬리오시티,127.1044861,37.50023341,서울특별시 송파구 석촌동,1171010500,송파책박물관.헬리오시티-1
10198,송파책박물관.헬리오시티,127.1039751,37.50001591,서울특별시 송파구 석촌동,1171010500,송파책박물관.헬리오시티-2
10199,송파사거리.석촌시장,127.1091423,37.5016134,서울특별시 송파구 석촌동,1171010500,송파사거리.석촌시장-1
10200,송파사거리,127.1086317,37.50150527,서울특별시 송파구 석촌동,1171010500,송파사거리-1
10201,송파역.헬리오시티,127.1111003,37.50063162,서울특별시 송파구 석촌동,1171010500,송파역.헬리오시티-1
10202,송파여성문화회관,127.1094708,37.50692108,서울특별시 송파구 송파동,1171010400,송파여성문화회관-1
10203,송파여성문화회관,127.1095866,37.50677928,서울특별시 송파구 송파동,1171010400,송파여성문화회관-2
10204,송파초등학교.송파동성당,127.1111437,37.50882118,서울특별시 송파구 송파동,1171010400,송파초등학교.송파동성당-1
10205,송파초등학교.송파동성당,127.1112856,37.50868361,서울특별시 송파구 송파동,1171010400,송파초등학교.송파동성당-2
10206,방이동사거리,127.1108333,37.51074434,서울특별시 송파구 송파동,1171010400,방이동사거리-1
10207,송파나루역,127.1127523,37.50988519,서울특별시 송파구 송파동,1171010400,송파나루역-1
10208,송파2동한양아파트,127.1138686,37.50388542,서울특별시 송파구 송파동,1171010400,송파2동한양아파트-1
10209,송파동한양1차아파트,127.1155123,37.50597278,서울특별시 송파구 송파동,1171010400,송파동한양1차아파트-1
10210,서울방이동고분군,127.1145571,37.50883623,서울특별시 송파구 송파동,1171010400,서울방이동고분군-1
10211,송파역,127.1127837,37.49922019,서울특별시 송파구 가락동,1171010700,송파역-3
10212,성지아파트,127.1175062,37.49969962,서울특별시 송파구 송파동,1171010400,성지아파트-1
10213,송파동삼익아파트,127.1223331,37.50326382,서울특별시 송파구 송파동,1171010400,송파동삼익아파트-1
10214,삼익아파트미성아파트,127.1204321,37.50616611,서울특별시 송파구 송파동,1171010400,삼익아파트미성아파트-1
10215,송파2동한양삼성아파트,127.1156408,37.5060319,서울특별시 송파구 송파동,1171010400,송파2동한양삼성아파트-1
10216,한양공원,127.1137637,37.50371892,서울특별시 송파구 송파동,1171010400,한양공원-1
10217,잠실여고후문,127.1121668,37.50262988,서울특별시 송파구 송파동,1171010400,잠실여고후문-1
10218,방이2동주민센터,127.1142495,37.51385728,서울특별시 송파구 방이동,1171011100,방이2동주민센터-1
10219,한성백제역.방이2동주민센터,127.1151305,37.51492845,서울특별시 송파구 방이동,1171011100,한성백제역.방이2동주민센터-1
10220,송파나루역.방이시장,127.1129589,37.51181803,서울특별시 송파구 방이동,1171011100,송파나루역.방이시장-1
10221,송파나루역.방이시장,127.1131566,37.51178934,서울특별시 송파구 방이동,1171011100,송파나루역.방이시장-2
10222,송파나루역,127.1116256,37.51060053,서울특별시 송파구 방이동,1171011100,송파나루역-2
10223,송파구청.방이맛골,127.107584,37.51311448,서울특별시 송파구 신천동,1171010200,송파구청.방이맛골-2
10224,잠실진주아파트,127.1095157,37.51636208,서울특별시 송파구 방이동,1171011100,잠실진주아파트-2
10225,올림픽베어스타운아파트앞,127.1192065,37.51501504,서울특별시 송파구 방이동,1171011100,올림픽베어스타운아파트앞-1
10226,방이초등학교,127.1194302,37.51231397,서울특별시 송파구 방이동,1171011100,방이초등학교-1
10227,방이시장입구,127.1181549,37.51030201,서울특별시 송파구 방이동,1171011100,방이시장입구-1
10228,방이우체국,127.113856,37.50943717,서울특별시 송파구 방이동,1171011100,방이우체국-1
10229,올림픽공원남2문,127.1216551,37.5141415,서울특별시 송파구 방이동,1171011100,올림픽공원남2문-1
10230,올림픽공원장미광장,127.1250286,37.51282385,서울특별시 송파구 방이동,1171011100,올림픽공원장미광장-1
10231,방이역3번출구대림아파트,127.1257097,37.50837985,서울특별시 송파구 방이동,1171011100,방이역3번출구대림아파트-1
10232,한양 삼익아파트,127.1215579,37.50585187,서울특별시 송파구 방이동,1171011100,한양 삼익아파트-1
10233,방이시장입구,127.1178035,37.50960692,서울특별시 송파구 방이동,1171011100,방이시장입구-2
10234,방이초등학교,127.1191077,37.51167768,서울특별시 송파구 방이동,1171011100,방이초등학교-2
10235,신구블레스밸리앞,127.1216489,37.51153794,서울특별시 송파구 방이동,1171011100,신구블레스밸리앞-1
10236,신구블레스밸리,127.1215714,37.51131322,서울특별시 송파구 방이동,1171011100,신구블레스밸리-1
10237,방이동대림코오롱아파트,127.1242873,37.50926522,서울특별시 송파구 방이동,1171011100,방이동대림코오롱아파트-1
10238,방이동대림코오롱아파트,127.1239638,37.50948547,서울특별시 송파구 방이동,1171011100,방이동대림코오롱아파트-2
10239,올림픽회관,127.1149841,37.52097745,서울특별시 송파구 신천동,1171010200,올림픽회관-1
10240,풍납동극동.쌍용아파트,127.118415,37.52678294,서울특별시 송파구 풍납동,1171010300,풍납동극동.쌍용아파트-2
10241,한성백제박물관,127.1193267,37.51534695,서울특별시 송파구 방이동,1171011100,한성백제박물관-1
10242,서울체육중.고등학교,127.1315053,37.52237662,서울특별시 송파구 방이동,1171011100,서울체육중.고등학교-1
10243,둔촌오륜역.서문교회,127.139639,37.51873088,서울특별시 송파구 방이동,1171011100,둔촌오륜역.서문교회-1
10244,서하남IC입구,127.1428615,37.51731879,서울특별시 송파구 방이동,1171011100,서하남IC입구-1
10245,효죽동입구,127.1418619,37.5124647,서울특별시 송파구 방이동,1171011100,효죽동입구-1
10246,올림픽공원장미광장,127.1263335,37.51265912,서울특별시 송파구 방이동,1171011100,올림픽공원장미광장-2
10247,올림픽공원남2문,127.1219645,37.51439214,서울특별시 송파구 방이동,1171011100,올림픽공원남2문-2
10248,몽촌토성역.한성백제역,127.1144543,37.51705201,서울특별시 송파구 방이동,1171011100,몽촌토성역.한성백제역-1
10249,보성중고등학교,127.1332156,37.51962482,서울특별시 송파구 방이동,1171011100,보성중고등학교-1
10250,보성중고등학교,127.1327847,37.51934468,서울특별시 송파구 방이동,1171011100,보성중고등학교-2
10251,올림픽공원역,127.1310205,37.5166673,서울특별시 송파구 방이동,1171011100,올림픽공원역-1
10252,올림픽공원역,127.131161,37.51645666,서울특별시 송파구 방이동,1171011100,올림픽공원역-2
10253,올림픽공원테니스장,127.1287349,37.51317365,서울특별시 송파구 방이동,1171011100,올림픽공원테니스장-1
10254,올림픽선수촌아파트,127.1290258,37.513263,서울특별시 송파구 방이동,1171011100,올림픽선수촌아파트-1
10255,방이역,127.1264105,37.50905771,서울특별시 송파구 오금동,1171011200,방이역-1
10256,오금동현대아파트,127.1264248,37.50328707,서울특별시 송파구 오금동,1171011200,오금동현대아파트-1
10257,오금공원앞,127.1330681,37.49911915,서울특별시 송파구 오금동,1171011200,오금공원앞-1
10258,오금동상아아파트,127.1359027,37.49761154,서울특별시 송파구 오금동,1171011200,오금동상아아파트-1
10259,보인고교.오금동삼성아파트,127.1383168,37.49630838,서울특별시 송파구 오금동,1171011200,보인고교.오금동삼성아파트-1
10260,송파사회복지관.성요셉성당,127.140681,37.49808587,서울특별시 송파구 오금동,1171011200,송파사회복지관.성요셉성당-1
10261,거여초등학교,127.1401465,37.50248662,서울특별시 송파구 오금동,1171011200,거여초등학교-1
10262,거여초등학교,127.1400999,37.50242146,서울특별시 송파구 오금동,1171011200,거여초등학교-2
10263,송파참병원,127.1375872,37.50374871,서울특별시 송파구 오금동,1171011200,송파참병원-1
10264,송파참병원,127.1374155,37.50386961,서울특별시 송파구 오금동,1171011200,송파참병원-2
10265,신흥기업입구,127.135464,37.50447692,서울특별시 송파구 오금동,1171011200,신흥기업입구-1
10266,신흥기업입구,127.1341469,37.50499284,서울특별시 송파구 오금동,1171011200,신흥기업입구-2
10267,송파레미니스 후문,127.1348086,37.50497518,서울특별시 송파구 오금동,1171011200,송파레미니스 후문-1
10268,송파레미니스 후문,127.1350583,37.5057055,서울특별시 송파구 오금동,1171011200,송파레미니스 후문-2
10269,오금공원사거리,127.1311142,37.50608971,서울특별시 송파구 오금동,1171011200,오금공원사거리-1
10270,오금공원사거리,127.1310089,37.5062667,서울특별시 송파구 오금동,1171011200,오금공원사거리-2
10271,오금동대림아파트,127.1278051,37.50788463,서울특별시 송파구 오금동,1171011200,오금동대림아파트-1
10272,오금동대림아파트,127.127964,37.50771115,서울특별시 송파구 오금동,1171011200,오금동대림아파트-2
10273,송파도서관,127.1358633,37.49997093,서울특별시 송파구 오금동,1171011200,송파도서관-1
10274,우창아파트,127.1359274,37.49984707,서울특별시 송파구 오금동,1171011200,우창아파트-1
10275,오금동사거리,127.1378902,37.502744,서울특별시 송파구 오금동,1171011200,오금동사거리-1
10276,오금동사거리,127.1380036,37.50266402,서울특별시 송파구 오금동,1171011200,오금동사거리-2
10277,거여역,127.1426571,37.49404306,서울특별시 송파구 거여동,1171011300,거여역-1
10278,거여역현대아파트,127.142449,37.49396886,서울특별시 송파구 거여동,1171011300,거여역현대아파트-1
10279,체육문화회관,127.1434495,37.49078434,서울특별시 송파구 거여동,1171011300,체육문화회관-1
10280,거여역2번출구,127.1448336,37.49429206,서울특별시 송파구 거여동,1171011300,거여역2번출구-1
10281,송파사회복지관.성요셉성당,127.1407576,37.49800259,서울특별시 송파구 오금동,1171011200,송파사회복지관.성요셉성당-2
10282,거여아파트단지앞,127.1434501,37.4904957,서울특별시 송파구 거여동,1171011300,거여아파트단지앞-1
10283,거여역종점,127.1461266,37.49292198,서울특별시 송파구 거여동,1171011300,거여역종점-1
10284,거여역종점,127.1456871,37.49303476,서울특별시 송파구 거여동,1171011300,거여역종점-2
10285,한서교통종점,127.1489238,37.49293822,서울특별시 송파구 거여동,1171011300,한서교통종점-1
10286,종점,127.1527213,37.49272597,서울특별시 송파구 거여동,1171011300,종점-1
10287,비호아파트,127.154306,37.49188963,서울특별시 송파구 거여동,1171011300,비호아파트-1
10288,인애가요양병원,127.1350166,37.50536668,서울특별시 송파구 오금동,1171011200,인애가요양병원-1
10289,마천1동주민센터,127.1498831,37.49563713,서울특별시 송파구 마천동,1171011400,마천1동주민센터-1
10290,마천2동주민센터,127.1479473,37.49698024,서울특별시 송파구 마천동,1171011400,마천2동주민센터-1
10291,거여역3번출구.현대2차아파트,127.1448648,37.49407715,서울특별시 송파구 거여동,1171011300,거여역3번출구.현대2차아파트-1
10292,마천1동주민센터,127.149882,37.4957099,서울특별시 송파구 마천동,1171011400,마천1동주민센터-2
10293,송파상운종점,127.1521993,37.49343743,서울특별시 송파구 마천동,1171011400,송파상운종점-1
10294,비호아파트,127.1541256,37.49222313,서울특별시 송파구 마천동,1171011400,비호아파트-2
10295,남한산성입구,127.1571616,37.49096712,서울특별시 송파구 마천동,1171011400,남한산성입구-1
10296,송파구립마천청소년센터,127.1565542,37.49188285,서울특별시 송파구 마천동,1171011400,송파구립마천청소년센터-1
10297,송파구립마천청소년센터,127.1568607,37.49163344,서울특별시 송파구 마천동,1171011400,송파구립마천청소년센터-2
10298,송파보훈회관.금호어울림2차,127.1557189,37.49394269,서울특별시 송파구 마천동,1171011400,송파보훈회관.금호어울림2차-1
10299,송파보훈회관.금호어울림2차,127.1555992,37.49394239,서울특별시 송파구 마천동,1171011400,송파보훈회관.금호어울림2차-2
10300,마천동금호어울림1차아파트,127.1541156,37.49706135,서울특별시 송파구 마천동,1171011400,마천동금호어울림1차아파트-1
10301,마천동금호어울림1차아파트,127.1541513,37.49792762,서울특별시 송파구 마천동,1171011400,마천동금호어울림1차아파트-2
10302,마천시장마천동우방아파트앞,127.1515698,37.49991657,서울특별시 송파구 마천동,1171011400,마천시장마천동우방아파트앞-1
10303,남천초교마천동우방아파트앞,127.1518828,37.49984628,서울특별시 송파구 마천동,1171011400,남천초교마천동우방아파트앞-1
10304,청암노인요양원,127.1484399,37.50124744,서울특별시 송파구 마천동,1171011400,청암노인요양원-1
10305,청암노인요양원,127.1498166,37.5009937,서울특별시 송파구 마천동,1171011400,청암노인요양원-2
10306,마천동사거리,127.1467901,37.49861831,서울특별시 송파구 마천동,1171011400,마천동사거리-1
10307,마천동사거리,127.1469858,37.49873422,서울특별시 송파구 마천동,1171011400,마천동사거리-2
10308,마천2동윤진빌딩.신동아아파트,127.1438969,37.49973637,서울특별시 송파구 마천동,1171011400,마천2동윤진빌딩.신동아아파트-1
10309,마천2동윤진빌딩.신동아아파트,127.1441968,37.49963389,서울특별시 송파구 마천동,1171011400,마천2동윤진빌딩.신동아아파트-2
10310,마천2동주민센터,127.1480228,37.49702568,서울특별시 송파구 마천동,1171011400,마천2동주민센터-2
10311,송파공영차고지입구,127.1309875,37.46925245,서울특별시 송파구 장지동,1171010900,송파공영차고지입구-1
10312,복정역1번출구,127.1269612,37.47233232,서울특별시 송파구 장지동,1171010900,복정역1번출구-1
10314,건영아파트,127.1265453,37.48165684,서울특별시 송파구 문정동,1171010800,건영아파트-1
10315,문현중학교,127.1265973,37.48005271,서울특별시 송파구 문정동,1171010800,문현중학교-1
10316,문현중학교,127.1267304,37.48006073,서울특별시 송파구 문정동,1171010800,문현중학교-2
10317,문덕초등학교.문정고등학교,127.1262622,37.48366606,서울특별시 송파구 문정동,1171010800,문덕초등학교.문정고등학교-1
10318,문정대우아파트,127.1290044,37.48671365,서울특별시 송파구 문정동,1171010800,문정대우아파트-1
10319,삼성래미안아파트후문,127.1317401,37.48887939,서울특별시 송파구 문정동,1171010800,삼성래미안아파트후문-1
10320,문정시영가락프라자아파트,127.1342949,37.49108173,서울특별시 송파구 문정동,1171010800,문정시영가락프라자아파트-1
10321,문정시영.세양청마루아파트,127.1358816,37.49244752,서울특별시 송파구 문정동,1171010800,문정시영.세양청마루아파트-1
10322,한림연예예술고교,127.1314438,37.48535009,서울특별시 송파구 문정동,1171010800,한림연예예술고교-1
10323,한림연예예술고교,127.1316868,37.48539405,서울특별시 송파구 문정동,1171010800,한림연예예술고교-2
10324,구송파세무서,127.1288501,37.48298317,서울특별시 송파구 문정동,1171010800,구송파세무서-1
10325,구송파세무서,127.1289602,37.4832183,서울특별시 송파구 문정동,1171010800,구송파세무서-2
10326,문정1동주민센터.로데오거리,127.1246014,37.49051204,서울특별시 송파구 문정동,1171010800,문정1동주민센터.로데오거리-1
10327,위례포레샤인18단지,127.1523767,37.48922558,서울특별시 송파구 거여동,1171011300,위례포레샤인18단지-1
10328,위례포레샤인18단지,127.1519598,37.4891325,서울특별시 송파구 거여동,1171011300,위례포레샤인18단지-2
10329,문덕초등학교.문정고등학교,127.1262029,37.48331626,서울특별시 송파구 문정동,1171010800,문덕초등학교.문정고등학교-2
10330,문정동푸르지오아파트,127.1270845,37.48718529,서울특별시 송파구 문정동,1171010800,문정동푸르지오아파트-1
10331,문정동대우아파트,127.1267783,37.48677902,서울특별시 송파구 문정동,1171010800,문정동대우아파트-1
10332,문정동래미안아파트,127.1292044,37.49185419,서울특별시 송파구 문정동,1171010800,문정동래미안아파트-1
10333,문정래미안현대아파트앞,127.1289754,37.49151205,서울특별시 송파구 문정동,1171010800,문정래미안현대아파트앞-1
10334,문정현대아파트,127.1275982,37.49064298,서울특별시 송파구 문정동,1171010800,문정현대아파트-1
10335,문정동현대아파트,127.1276958,37.49039452,서울특별시 송파구 문정동,1171010800,문정동현대아파트-1
10336,문정현대아파트,127.1290115,37.49288165,서울특별시 송파구 문정동,1171010800,문정현대아파트-2
10337,문정동제일은행앞,127.1245251,37.48613772,서울특별시 송파구 문정동,1171010800,문정동제일은행앞-1
10338,문정동제일은행,127.1243503,37.48603949,서울특별시 송파구 문정동,1171010800,문정동제일은행-1
10339,삼성래미안아파트후문,127.1318071,37.48907303,서울특별시 송파구 문정동,1171010800,삼성래미안아파트후문-2
10340,문정2동주민센터.청소년수련관,127.1124848,37.49058962,서울특별시 송파구 가락동,1171010700,문정2동주민센터.청소년수련관-1
10341,훼미리근린공원,127.114839,37.49132627,서울특별시 송파구 가락동,1171010700,훼미리근린공원-1
10342,문정로데오거리입구,127.1197006,37.49091697,서울특별시 송파구 문정동,1171010800,문정로데오거리입구-3
10343,서울위례별초교,127.1440284,37.47831593,서울특별시 송파구 장지동,1171010900,서울위례별초교-1
10344,오금역2번출구,127.1287405,37.5025237,서울특별시 송파구 오금동,1171011200,오금역2번출구-1
10345,오금역3번출구,127.1297505,37.50382561,서울특별시 송파구 오금동,1171011200,오금역3번출구-1
10346,장지동,127.1265326,37.46913794,서울특별시 송파구 장지동,1171010900,장지동-1
10347,가윤예식장,127.125271,37.49271861,서울특별시 송파구 가락동,1171010700,가윤예식장-1
10348,가락동미륭아파트,127.1282465,37.4926501,서울특별시 송파구 가락동,1171010700,가락동미륭아파트-1
10349,가락동쌍용아파트,127.1303402,37.49440778,서울특별시 송파구 가락동,1171010700,가락동쌍용아파트-1
10350,송파중학교,127.131527,37.49635371,서울특별시 송파구 가락동,1171010700,송파중학교-1
10351,가락현대5차아파트,127.1319135,37.49955951,서울특별시 송파구 가락동,1171010700,가락현대5차아파트-1
10352,개롱역3번출구,127.1353326,37.49773364,서울특별시 송파구 가락동,1171010700,개롱역3번출구-1
10353,삼환아파트,127.1375393,37.49653836,서울특별시 송파구 가락동,1171010700,삼환아파트-1
10354,송파배드민턴체육관,127.1380465,37.49445498,서울특별시 송파구 거여동,1171011300,송파배드민턴체육관-1
10355,문정시영.세영청마루아파트,127.1357259,37.4924508,서울특별시 송파구 가락동,1171010700,문정시영.세영청마루아파트-1
10356,문정시영가락프라자아파트,127.1337216,37.49072346,서울특별시 송파구 가락동,1171010700,문정시영가락프라자아파트-2
10357,가락2동프라자아파트,127.1343316,37.49290247,서울특별시 송파구 가락동,1171010700,가락2동프라자아파트-1
10358,가락2동프라자아파트,127.1342248,37.49312031,서울특별시 송파구 가락동,1171010700,가락2동프라자아파트-2
10359,극동아파트,127.1320171,37.49493819,서울특별시 송파구 가락동,1171010700,극동아파트-1
10360,가락2동극동아파트,127.1313935,37.49533186,서울특별시 송파구 가락동,1171010700,가락2동극동아파트-1
10361,가락동극동아파트,127.1317082,37.4963479,서울특별시 송파구 가락동,1171010700,가락동극동아파트-1
10362,가락동쌍용아파트앞,127.1299505,37.49392074,서울특별시 송파구 가락동,1171010700,가락동쌍용아파트앞-1
10363,가주초등학교,127.1289266,37.4972027,서울특별시 송파구 가락동,1171010700,가주초등학교-1
10364,가동초등학교,127.1288851,37.49730363,서울특별시 송파구 가락동,1171010700,가동초등학교-1
10365,가락2동주민센터,127.1268384,37.49885432,서울특별시 송파구 가락동,1171010700,가락2동주민센터-1
10366,가락2동주민센터,127.1267843,37.4988254,서울특별시 송파구 가락동,1171010700,가락2동주민센터-2
10367,가락시장.가락시장역,127.1171698,37.49438192,서울특별시 송파구 가락동,1171010700,가락시장.가락시장역-3
10368,문정로데오거리입구,127.1203332,37.49041704,서울특별시 송파구 문정동,1171010800,문정로데오거리입구-4
10369,문정1동주민센터.로데오거리,127.1245932,37.49062783,서울특별시 송파구 가락동,1171010700,문정1동주민센터.로데오거리-2
10370,건너말공원입구,127.1250705,37.49274161,서울특별시 송파구 가락동,1171010700,건너말공원입구-1
10371,가락대림아파트,127.1209782,37.4975818,서울특별시 송파구 가락동,1171010700,가락대림아파트-1
10372,샛별어린이공원입구,127.1211161,37.49763015,서울특별시 송파구 가락동,1171010700,샛별어린이공원입구-1
10373,송파경찰서.오금역,127.1268775,37.5027892,서울특별시 송파구 가락동,1171010700,송파경찰서.오금역-1
10374,가락동쌍용아파트,127.121809,37.502462,서울특별시 송파구 가락동,1171010700,가락동쌍용아파트-2
10375,가락대림아파트,127.118011,37.49976547,서울특별시 송파구 가락동,1171010700,가락대림아파트-2
10376,신가초등학교,127.1205361,37.49836222,서울특별시 송파구 가락동,1171010700,신가초등학교-1
10377,신가초등학교,127.1203475,37.49827433,서울특별시 송파구 가락동,1171010700,신가초등학교-2
10378,가락동제일은행,127.123073,37.49998261,서울특별시 송파구 가락동,1171010700,가락동제일은행-1
10379,제일은행앞,127.123111,37.49989836,서울특별시 송파구 가락동,1171010700,제일은행앞-1
10380,경찰병원.KT가락지사,127.1224192,37.49581373,서울특별시 송파구 가락동,1171010700,경찰병원.KT가락지사-1
10381,경찰병원.KT가락지사,127.1222738,37.49618923,서울특별시 송파구 가락동,1171010700,경찰병원.KT가락지사-2
10382,경찰병원.서울동부고용노동지청,127.1223205,37.49447643,서울특별시 송파구 가락동,1171010700,경찰병원.서울동부고용노동지청-1
10383,제일오피스텔,127.1198949,37.49311642,서울특별시 송파구 가락동,1171010700,제일오피스텔-1
10384,경찰병원.서울동부고용노동지청,127.1226251,37.49448683,서울특별시 송파구 가락동,1171010700,경찰병원.서울동부고용노동지청-2
10385,가락시장.가락시장역,127.1165002,37.49471975,서울특별시 송파구 가락동,1171010700,가락시장.가락시장역-4
10386,가락시장.가락몰,127.1152223,37.49156443,서울특별시 송파구 가락동,1171010700,가락시장.가락몰-1
10387,가락시장남문,127.1124541,37.49069771,서울특별시 송파구 가락동,1171010700,가락시장남문-1
10388,농수산물가공처리장,127.1052373,37.49454278,서울특별시 송파구 가락동,1171010700,농수산물가공처리장-1
10389,가락시장.헬리오시티,127.1063216,37.49506327,서울특별시 송파구 가락동,1171010700,가락시장.헬리오시티-1
10390,가락1동주민센터,127.1098802,37.49623008,서울특별시 송파구 가락동,1171010700,가락1동주민센터-1
10391,서울방이동고분군,127.11613,37.50812288,서울특별시 송파구 방이동,1171011100,서울방이동고분군-2
10392,문정동대우아파트,127.1284306,37.4865795,서울특별시 송파구 문정동,1171010800,문정동대우아파트-2
10393,토성오거리,127.1191837,37.53221171,서울특별시 송파구 풍납동,1171010300,토성오거리-1
10394,아산병원기숙사앞,127.110253,37.53003828,서울특별시 송파구 풍납동,1171010300,아산병원기숙사앞-1
10395,가락시장.가락시장역,127.11639,37.49483642,서울특별시 송파구 가락동,1171010700,가락시장.가락시장역-5
10396,몽촌토성역.한성백제역,127.1134773,37.5169949,서울특별시 송파구 방이동,1171011100,몽촌토성역.한성백제역-2
10397,풍납동강변현대아파트,127.1110318,37.53346262,서울특별시 송파구 풍납동,1171010300,풍납동강변현대아파트-1
10398,홍이공원,127.1248589,37.50026215,서울특별시 송파구 가락동,1171010700,홍이공원-1
10399,홍이공원,127.1246109,37.50052822,서울특별시 송파구 가락동,1171010700,홍이공원-2
10400,한서교통종점,127.1495136,37.49276245,서울특별시 송파구 거여동,1171011300,한서교통종점-2
10401,거여역7번출구,127.14408,37.49252542,서울특별시 송파구 거여동,1171011300,거여역7번출구-1
10402,거여역6번출구,127.1439607,37.49186267,서울특별시 송파구 거여동,1171011300,거여역6번출구-1
10403,풍납2동주민센터,127.1157318,37.52945575,서울특별시 송파구 풍납동,1171010300,풍납2동주민센터-1
10404,복정역환승주차장,127.1275336,37.47012669,서울특별시 송파구 장지동,1171010900,복정역환승주차장-1
10405,오륜사거리,127.1387551,37.50466067,서울특별시 송파구 오금동,1171011200,오륜사거리-1
10406,오륜사거리,127.1385726,37.50455592,서울특별시 송파구 오금동,1171011200,오륜사거리-2
10407,위례중앙푸르지오.신안인스빌,127.1433305,37.47475252,서울특별시 송파구 장지동,1171010900,위례중앙푸르지오.신안인스빌-1
10409,송파와이즈더샵.엠코타운센트로엘,127.144154,37.47722569,서울특별시 송파구 장지동,1171010900,송파와이즈더샵.엠코타운센트로엘-1
10410,송파와이즈더샵.엠코타운센트로엘,127.1443688,37.47821561,서울특별시 송파구 장지동,1171010900,송파와이즈더샵.엠코타운센트로엘-2
10411,위례별초등학교.위례2차아이파크,127.1444136,37.4801942,서울특별시 송파구 장지동,1171010900,위례별초등학교.위례2차아이파크-1
10412,위례별초등학교.위례스타힐스,127.1445617,37.48063264,서울특별시 송파구 장지동,1171010900,위례별초등학교.위례스타힐스-1
10413,위례동주민센터.위례스타힐스,127.1436443,37.48216506,서울특별시 송파구 거여동,1171011300,위례동주민센터.위례스타힐스-1
10414,위례동주민센터.위례송파푸르지오,127.1433335,37.48225773,서울특별시 송파구 거여동,1171011300,위례동주민센터.위례송파푸르지오-1
10415,힐스테이트송파.송파더센트레,127.1419053,37.48079805,서울특별시 송파구 장지동,1171010900,힐스테이트송파.송파더센트레-1
10416,송파더센트레.힐스테이트송파,127.141771,37.48026908,서울특별시 송파구 장지동,1171010900,송파더센트레.힐스테이트송파-1
10418,세계로병원,127.1420781,37.48675785,서울특별시 송파구 거여동,1171011300,세계로병원-1
10419,세계로병원,127.1419319,37.48743001,서울특별시 송파구 거여동,1171011300,세계로병원-2
10420,호반써밋송파1차,127.1405743,37.48432461,서울특별시 송파구 거여동,1171011300,호반써밋송파1차-1
10421,호반써밋송파2차,127.1407541,37.48360243,서울특별시 송파구 거여동,1171011300,호반써밋송파2차-1
10422,위례포레샤인13단지,127.1390049,37.48287588,서울특별시 송파구 거여동,1171011300,위례포레샤인13단지-1
10423,위례포레샤인13단지,127.1381458,37.48317086,서울특별시 송파구 거여동,1171011300,위례포레샤인13단지-2
10424,남한산성입구,127.157024,37.4906833,서울특별시 송파구 마천동,1171011400,남한산성입구-2
10425,아산병원정문앞,127.107456,37.52478043,서울특별시 송파구 풍납동,1171010300,아산병원정문앞-1
10426,갑을.미성아파트,127.1122664,37.53523822,서울특별시 송파구 풍납동,1171010300,갑을.미성아파트-1
10427,송파배드민턴체육관,127.1379864,37.4942618,서울특별시 송파구 문정동,1171010800,송파배드민턴체육관-2
10429,풍납중학교앞,127.1152308,37.52477926,서울특별시 송파구 풍납동,1171010300,풍납중학교앞-1
10430,복정역3번출구,127.1242382,37.46965437,서울특별시 송파구 장지동,1171010900,복정역3번출구-1
10431,새마을시장,127.0866992,37.50898996,서울특별시 송파구 잠실동,1171010100,새마을시장-1
10432,농협앞,127.089419,37.50771945,서울특별시 송파구 잠실동,1171010100,농협앞-1
10433,삼전역.잠실현대아파트,127.087309,37.50369499,서울특별시 송파구 잠실동,1171010100,삼전역.잠실현대아파트-2
10434,위례포레샤인.위례31단지후문,127.1334027,37.47460951,서울특별시 송파구 장지동,1171010900,위례포레샤인.위례31단지후문-1
10435,위례31단지.위례포레샤인후문,127.1333873,37.47448343,서울특별시 송파구 장지동,1171010900,위례31단지.위례포레샤인후문-1
10436,위례송파더센트레.송파푸르지오,127.1386122,37.47954436,서울특별시 송파구 장지동,1171010900,위례송파더센트레.송파푸르지오-1
10437,장지역2번출구,127.1263889,37.47844946,서울특별시 송파구 장지동,1171010900,장지역2번출구-1
10438,위례송파푸르지오.송파더센트레,127.13904,37.480473,서울특별시 송파구 장지동,1171010900,위례송파푸르지오.송파더센트레-1
10439,가락시장역,127.119665,37.49286163,서울특별시 송파구 가락동,1171010700,가락시장역-1
10440,올림픽대교남단교차로,127.1168539,37.52507907,서울특별시 송파구 풍납동,1171010300,올림픽대교남단교차로-1
10441,장지공영차고지,127.1359411,37.48048216,서울특별시 송파구 장지동,1171010900,장지공영차고지-1
10442,장지공영차고지,127.135742,37.480364,서울특별시 송파구 장지동,1171010900,장지공영차고지-2
10443,아이코리아,127.1332897,37.48097477,서울특별시 송파구 장지동,1171010900,아이코리아-1
10444,송파파인타운11단지,127.1331993,37.48055417,서울특별시 송파구 장지동,1171010900,송파파인타운11단지-1
10445,송파파인타운7단지,127.1315772,37.47893244,서울특별시 송파구 장지동,1171010900,송파파인타운7단지-1
10446,송파파인타운10단지.13단지,127.1295662,37.4777561,서울특별시 송파구 장지동,1171010900,송파파인타운10단지.13단지-1
10447,송파파인타운8단지.9단지,127.1273702,37.47805509,서울특별시 송파구 장지동,1171010900,송파파인타운8단지.9단지-1
10448,송파구립산모건강증진센터,127.1271911,37.47814701,서울특별시 송파구 장지동,1171010900,송파구립산모건강증진센터-1
10449,장지동주민센터앞,127.1329248,37.48666862,서울특별시 송파구 문정동,1171010800,장지동주민센터앞-1
10450,장지동주민센터.송파파인타운1단지,127.1329611,37.48652523,서울특별시 송파구 문정동,1171010800,장지동주민센터.송파파인타운1단지-1
10451,잠실여고후문,127.1116304,37.50247838,서울특별시 송파구 송파동,1171010400,잠실여고후문-2
10452,건영아파트앞,127.1264088,37.48174897,서울특별시 송파구 문정동,1171010800,건영아파트앞-1
10453,잠실새내역앞,127.0859367,37.51040161,서울특별시 송파구 잠실동,1171010100,잠실새내역앞-1
10454,가락래미안앞,127.1324836,37.49924813,서울특별시 송파구 가락동,1171010700,가락래미안앞-1
10455,서울버스종점,127.1369279,37.48048152,서울특별시 송파구 장지동,1171010900,서울버스종점-1
10456,서울버스종점,127.1375062,37.48037719,서울특별시 송파구 장지동,1171010900,서울버스종점-2
10457,송파파인타운2단지.구립송파복지센터,127.1326741,37.48501963,서울특별시 송파구 장지동,1171010900,송파파인타운2단지.구립송파복지센터-1
10458,송파파인타운3단지.한림예고,127.1328159,37.48498779,서울특별시 송파구 장지동,1171010900,송파파인타운3단지.한림예고-1
10459,송파글마루도서관.버들어린이집,127.1316517,37.48159499,서울특별시 송파구 장지동,1171010900,송파글마루도서관.버들어린이집-1
10460,송파글마루도서관.버들어린이집,127.1315388,37.48154405,서울특별시 송파구 장지동,1171010900,송파글마루도서관.버들어린이집-2
10461,문현고등학교.송파파인타운5단지,127.1294304,37.4806228,서울특별시 송파구 장지동,1171010900,문현고등학교.송파파인타운5단지-1
10462,문현고등학교,127.1291558,37.48053079,서울특별시 송파구 장지동,1171010900,문현고등학교-1
10463,현대아파트앞,127.1194227,37.52873447,서울특별시 송파구 풍납동,1171010300,현대아파트앞-1
10464,문정3차푸르지오아파트.송파파인타운1단지,127.1335803,37.48666809,서울특별시 송파구 문정동,1171010800,문정3차푸르지오아파트.송파파인타운1단지-1
10465,문정3차푸르지오아파트.송파파인타운1단지,127.1334919,37.48658554,서울특별시 송파구 문정동,1171010800,문정3차푸르지오아파트.송파파인타운1단지-2
10466,아이코리아앞,127.1336447,37.48095076,서울특별시 송파구 장지동,1171010900,아이코리아앞-1
10467,가든파이브.웍스동,127.1211924,37.47824996,서울특별시 송파구 문정동,1171010800,가든파이브.웍스동-1
10468,가든파이브.웍스동,127.1212812,37.4783601,서울특별시 송파구 문정동,1171010800,가든파이브.웍스동-2
10469,위례31단지정문,127.132279,37.47258995,서울특별시 송파구 장지동,1171010900,위례31단지정문-1
10470,장지역가든파이브라이프동,127.1248158,37.47915544,서울특별시 송파구 문정동,1171010800,장지역가든파이브라이프동-1
10471,장지역가든파이브라이프동,127.1248611,37.47904499,서울특별시 송파구 문정동,1171010800,장지역가든파이브라이프동-2
10472,가든파이프툴동,127.1193066,37.47912306,서울특별시 송파구 문정동,1171010800,가든파이프툴동-1
10473,가든파이브툴동,127.1192285,37.47902586,서울특별시 송파구 문정동,1171010800,가든파이브툴동-1
10474,잠실대교전망쉼터,127.0949754,37.52003057,서울특별시 송파구 잠실동,1171010100,잠실대교전망쉼터-1
10475,잠실대교전망쉼터,127.0948349,37.51996009,서울특별시 송파구 잠실동,1171010100,잠실대교전망쉼터-2
10476,석촌호수서호사거리,127.0982166,37.50633654,서울특별시 송파구 석촌동,1171010500,석촌호수서호사거리-1
10477,석촌호수서호사거리,127.09903,37.50654705,서울특별시 송파구 잠실동,1171010100,석촌호수서호사거리-2
10478,미켈란호수가아파트,127.1025311,37.50782396,서울특별시 송파구 잠실동,1171010100,미켈란호수가아파트-1
10479,미켈란호수가아파트,127.1029002,37.50813619,서울특별시 송파구 잠실동,1171010100,미켈란호수가아파트-2
10480,호수임광아파트,127.1065597,37.51075963,서울특별시 송파구 신천동,1171010200,호수임광아파트-1
10481,호수임광아파트,127.1071903,37.51139799,서울특별시 송파구 신천동,1171010200,호수임광아파트-2
10482,송파파인타운아파트11단지,127.1334303,37.47863565,서울특별시 송파구 장지동,1171010900,송파파인타운아파트11단지-1
10483,송파파인타운아파트11단지,127.133269,37.47862314,서울특별시 송파구 장지동,1171010900,송파파인타운아파트11단지-2
10484,문정중학교후문,127.1306728,37.48842398,서울특별시 송파구 문정동,1171010800,문정중학교후문-1
10485,문정동래미안아파트남문,127.1303244,37.48886847,서울특별시 송파구 문정동,1171010800,문정동래미안아파트남문-1
10486,파크데일아파트입구,127.1546335,37.49757299,서울특별시 송파구 마천동,1171011400,파크데일아파트입구-1
10487,위례아이파크아파트앞,127.1411995,37.47586263,서울특별시 송파구 장지동,1171010900,위례아이파크아파트앞-1
10488,송파더센트레.송례초앞,127.1390057,37.47841055,서울특별시 송파구 장지동,1171010900,송파더센트레.송례초앞-1
10489,송파더센트레.송례중앞,127.1407115,37.47826884,서울특별시 송파구 장지동,1171010900,송파더센트레.송례중앞-1
10490,송파꿈에그린아파트,127.1408032,37.47494484,서울특별시 송파구 장지동,1171010900,송파꿈에그린아파트-1
10491,송파푸르지오시티.한화오벨리스크,127.1198974,37.48077828,서울특별시 송파구 문정동,1171010800,송파푸르지오시티.한화오벨리스크-1
10492,송파푸르지오시티.한화오벨리스크,127.1203171,37.480829,서울특별시 송파구 문정동,1171010800,송파푸르지오시티.한화오벨리스크-2
10493,파크데일아파트입구,127.154767,37.49768861,서울특별시 송파구 마천동,1171011400,파크데일아파트입구-2
10494,복정역,127.1256567,37.4701969,서울특별시 송파구 장지동,1171010900,복정역-1
10495,풍납동극동.쌍용아파트,127.1180418,37.52663195,서울특별시 송파구 풍납동,1171010300,풍납동극동.쌍용아파트-3
10496,송파.잠실세무서,127.1153293,37.52674279,서울특별시 송파구 풍납동,1171010300,송파.잠실세무서-1
10497,풍납동극동.쌍용아파트,127.1182181,37.52647746,서울특별시 송파구 풍납동,1171010300,풍납동극동.쌍용아파트-4
10498,송파역,127.1122414,37.49980548,서울특별시 송파구 가락동,1171010700,송파역-4
10499,송파역.헬리오시티,127.1116228,37.50006909,서울특별시 송파구 가락동,1171010700,송파역.헬리오시티-2
10500,잠실4동주민센터.파크리오B상가,127.1130764,37.52004728,서울특별시 송파구 신천동,1171010200,잠실4동주민센터.파크리오B상가-1
10501,종점,127.1521224,37.49341212,서울특별시 송파구 거여동,1171011300,종점-2
10502,위례포레샤인.송파꿈에그린서문,127.1372838,37.47701928,서울특별시 송파구 장지동,1171010900,위례포레샤인.송파꿈에그린서문-1
10503,송파꿈에그린서문.위례포레샤인,127.1373775,37.47620772,서울특별시 송파구 장지동,1171010900,송파꿈에그린서문.위례포레샤인-1
10504,송파공영차고지,127.1310295,37.46884867,서울특별시 송파구 장지동,1171010900,송파공영차고지-1
10505,송파공영차고지,127.130909,37.46903909,서울특별시 송파구 장지동,1171010900,송파공영차고지-2
10506,복정역,127.1279383,37.47080073,서울특별시 송파구 장지동,1171010900,복정역-2
10507,가락동,127.1159022,37.49165966,서울특별시 송파구 가락동,1171010700,가락동-1
10508,경찰병원.서울동부고용노동지청,127.1222972,37.49429011,서울특별시 송파구 가락동,1171010700,경찰병원.서울동부고용노동지청-3
10509,경찰병원.서울동부고용노동지청,127.1222199,37.49441881,서울특별시 송파구 가락동,1171010700,경찰병원.서울동부고용노동지청-4
10510,가락동,127.1174347,37.49224171,서울특별시 송파구 가락동,1171010700,가락동-2
10511,올림픽선수촌아파트,127.1308141,37.51593321,서울특별시 송파구 방이동,1171011100,올림픽선수촌아파트-2
10512,올림픽선수촌아파트,127.1302799,37.51554122,서울특별시 송파구 방이동,1171011100,올림픽선수촌아파트-3
10513,오금역,127.1277935,37.5015174,서울특별시 송파구 가락동,1171010700,오금역-1
10514,오금역,127.1270147,37.50091437,서울특별시 송파구 가락동,1171010700,오금역-2
10515,오금동,127.1324502,37.5067676,서울특별시 송파구 오금동,1171011200,오금동-1
10516,오금동,127.1321732,37.50664831,서울특별시 송파구 오금동,1171011200,오금동-2
10517,방이동,127.129139,37.511481,서울특별시 송파구 방이동,1171011100,방이동-1
10518,방이동,127.1288993,37.51129752,서울특별시 송파구 오금동,1171011200,방이동-2
10519,장미광장,127.1269381,37.51240314,서울특별시 송파구 방이동,1171011100,장미광장-1
10520,한성백제박물관,127.1195194,37.51527639,서울특별시 송파구 방이동,1171011100,한성백제박물관-2
10521,올림픽공원평화의문,127.1149115,37.5168937,서울특별시 송파구 방이동,1171011100,올림픽공원평화의문-1
10522,롯데월드,127.0969944,37.51235874,서울특별시 송파구 잠실동,1171010100,롯데월드-1
10523,잠실종합운동장,127.0753793,37.51139614,서울특별시 송파구 잠실동,1171010100,잠실종합운동장-3
10524,오륜초등학교.올림픽선수촌아파트,127.1330342,37.50993865,서울특별시 송파구 방이동,1171011100,오륜초등학교.올림픽선수촌아파트-1
10525,송파레미니스아파트,127.1370146,37.50780245,서울특별시 송파구 방이동,1171011100,송파레미니스아파트-1
10526,송파레미니스아파트,127.1371836,37.50823863,서울특별시 송파구 방이동,1171011100,송파레미니스아파트-2
10527,오금대림아파트.오금초등학교,127.1324554,37.50983964,서울특별시 송파구 오금동,1171011200,오금대림아파트.오금초등학교-1
10528,잠실역,127.0988796,37.51494871,서울특별시 송파구 신천동,1171010200,잠실역-3
